topic,worksheet,books
Number tracing & writing,122,
Test 01,108,
Test 02,129,
Counting grid,130,3
Test 03,144,3
Backward counting (1-20),151,4
Test 04,156,4
Count & write,179,5
Test 05,166,4
Test 06,180,5
Test 07,192,
What comes after,353,
Test 08,207,6
What comes between,211,
Test 09,222,
What comes before,235,6
Test 10,237,6
Identify smaller number,432,13
Test 11,257,
Test 12,269,
Test 13,277,7
Identify bigger number,475,14
Test 14,297,8
Test 15,308,8
Test 16,317,8
Test 17,339,
Number Grid,348,9
Test 18,352,9
Test 19,359,
Test 20,374,10
What comes in between,380,
Test 23,396,11
Test 21,403,12
Test 22,418,12
Test 24,427,13
Test 25,433,13
Test 26,441,13
Test 27,451,13
Test 28,460,14
Test 29,466,14
Test 30,474,14
Test 31,484,14
Transition,485,
Add horizontal (one digit),523,16
Test 32,494,15
Test 33,502,15
Test 34,507,15
Test 35,516,15
Test 36,521,15
Test 37,530,16
Test 38,547,16
Transition Horzontal to Vertical,549,
Add Vertical (one digit),553,16
Test 39,557,16
Backward Counting,560,
Subtract Horizontal (one digit),615,
Test 40,566,
Test 41,572,
Test 42,578,
Test 43,588,
Test 44,593,17
Test 45,601,18
Test 46,618,
Subtract Vertical (one digit),627,
Test 47,628,
"Mixed questions-Addition, Subtraction",633,
Test 48,634,18
Skip count (Pre-Multiply),641,19
Test 49,646,19
Single digit multiply (Horizontal),703,
Test 50,663,
Test 51,674,19
Test 52,689,20
Test 53,706,
Test 54,725,
Test 55,746,21
Test 56,769,22
Test 57,794,22
Multiplication-Commutativity,795,
Inverse Multiplication,801,
Transition-Division,803,
Double-Single Digit Division (without remainder) (H),807,
Test 58,825,23
Test 59,840,
Test 60,853,24
Test 61,869,
Standard form to Expanded form (2 digit),872,25
Test 62,882,25
Expanded form to Standard form (2 digit),887,25
Test 63,894,25
Standard form to Expanded form  (3 digit),901,26
Test 64,916,
Expanded form  to Standard form (3 digit),921,
Test 65,935,
Add zero to a number,936,27
Transition to addiiton with carry,939,
Double + Single with carry,946,27
Test 66,956,
Double + Double (V),977,27
Test 67,979,27
Sub zero from a number,981,28
Transition to subtraction with borrow,983,
Double - Single with borrow,987,28
Test 68,1000,28
Double - Double (V),1013,28
Test 69,1024,
Multiplication Facts Revision,1026,29
Multiplication Facts (11-20),1056,29
Test 70,1042,29
Test 71,1064,29
Transition- Horizontal to Vertical Multiplication,1066,
Single digit multiply (Vertical),1067,
Transition to Double Digit Multiplication,1071,
Double x Single Multiply (Vertical) ,1141,32
Test 72,1087,
Test 73,1102,30
Test 74,1117,31
Test 75,1132,31
Test 76,1138,31
Test 77,1153,32
Test 78,1168,32
Test 79,1176,32
Test 80,1191,33
Test 81,1206,33
Test 82,1214,33
Double x Double Multiply (Horizontal) ,1220,
Double x Double Multiply (Vertical) ,1246,
Test 83,1250,
Transition to Double*Double Multiplication,1252,
Test 84,1279,35
Double-Single Digit Division (Beyond tables) (w/o remainder)(H),1283,36
Test 85,1301,36
Transition to Division with Remainder,1303,
Double - Single Digit Division (with remainder) (H),1330,37
Test 86,1321,36
Test 87,1341,37
Transition Horizontal to Vertical,1343,
Double - Single Digit Division (without remainder) (V),1364,
Test 88,1357,37
Test 89,1376,
Transition to vertical division with remainder,1378,
Double - Single Digit Division (with remainder) (V),1384,
Test 90,1399,38
2 Digit + 2 Digit sum beyond 100 (w/o carry),1400,39
2 Digit + 2 Digit sum beyond 100,1403,39
3 Digit addition w/o carry,1543,43
Test 91,1411,39
Test 92,1423,39
Test 93,1435,39
Test 94,1448,40
Test 95,1461,40
3 Digit Addition w/ carry,1491,41
3 Digit Addition mix,1527,42
Test 96,1478,40
Test 97,1488,41
Test 98,1507,41
Test 99,1528,42
Test 100,1542,42
3 Digit addition w carry (regroup at ones place),1627,
Test 101,1556,43
3 Digit addition w carry (regroup at tens place),1649,46
Test 102,1570,43
3 Digit addition w carry (answers in 4 digits),1572,44
3 Digit addition w carry (regroup at both places),1582,44
3 Digit addition w carry (regroup at either or both place),1586,
Test 103,1589,
Test 104,1597,
Test 105,1608,44
3 Digit addition (mix),1567,43
Test 106,1624,
Test 107,1643,45
Test 108,1662,
Test 109,1675,46
Test 110,1688,47
Test 111,1701,47
3 Digit addition w carry (regroup at both places) ,1703,47
3 Digit addition w carry (regroup at either or both place) ,1709,47
Test 112,1711,47
3 Digit Subtraction (100s-100s),1714,
3 Digit Subtraction w/o borrow,1741,48
Test 113,1722,
3 Digit Subtraction w/ borrow (at ones),1809,50
Test 114,1729,48
Test 115,1736,48
Test 116,1748,
3 Digit Subtraction w/ borrow (at tens),1777,49
Test 117,1767,49
Test 118,1778,49
Test 119,1789,49
3 Digit Subtraction w/ borrow (at both places),1925,
Test 120,1800,50
Test 121,1820,50
Test 122,1840,
Test 123,1852,51
Test 124,1864,52
Test 125,1876,52
Test 126,1888,
Test 127,1900,53
Test 128,1912,53
3 Digit Subtraction w/ borrow (at either/or),1915,53
Test 129,1918,
3 Digit Subtraction,1920,
Test 130,1926,
Test 131,1935,
Test 132,1944,54
Test 133,1953,54
Test 134,1961,55
Test 135,1969,55
Test 136,1977,55
Test 137,1983,55
Triple x Single Multiply (Vertical) ,2010,56
Test 138,2012,56
Test 139,2033,
Triple x Double Multiply (Horizontal) ,2038,
Triple x Double Multiply (Vertical) ,2073,
Test 140,2049,57
Transition to Triple*Double Multiplication,2051,
Test 141,2078,58
Triple x Triple Multiply (Horizontal) ,2079,58
Triple x Triple Multiply (Vertical) ,2115,
Test 142,2096,
Transition to Triple*Triple Multiplication,2097,
Test 143,2126,59
Triple-Single Digit Division (V) (Within Tables) (Multiples of 10),2133,
Test 144,2136,
Triple-Single Digit Division (V) (Within Tables),2143,
Test 145,2152,
Triple-Single Digit Division (V) (Beyond Tables),2154,60
Test 146,2161,60
Test 147,2175,60
Triple-Single Digit Division (V) (with remainder),2178,61
Test 148,2196,
Transition Sheet,2268,
Triple-Double Digit Division (mix) (V),2200,
Triple-Double Digit Division (mix) (V) (with reminader),2210,
Test 149,2214,
Write p/q form,2215,
Shade part of the whole,2217,
Division to Fraction,2220,62
Fraction to Division,2226,
Unit Fraction,2227,
Equivalent Fractions,2237,
Test 150,2243,
Mixed Fraction to Improper Fraction,2246,
Test 151,2249,
Improper to Mixed Fraction,2254,
Test 152,2255,
Addition of Like Fractions,2259,63
Test 153,2267,63
Subtraction of Like Fractions,2278,
Test 154,2279,
Addition of Fractions (Large Numbers),2282,
Subtraction of Fractions (Large Numbers),2285,
Add & Sub Fractions,2293,
Test 155,2288,
Test 156,2295,
Multiplication of Fractions,2297,
Test 157,2302,
Division of Fractions,2307,
Test 158,2309,
